<Ui xmlns="http://www.blizzard.com/wow/ui/" xmlns:xsi="http://www.w3.org/2001/XMLSchema-instance" xsi:schemaLocation="http://www.blizzard.com/wow/ui/
	..\FrameXML\UI.xsd">

	<Script file="GetSpellInfoVanilla.lua"/>
	<Frame name="GetSpellInfoVanilla" hidden="false" inherits="ActionButtonTemplate">
		<Scripts>
			<OnEvent>
				GetSpellInfoVanilla.OnEvent(arg1);
			</OnEvent>
			<OnUpdate>
				GetSpellInfoVanilla_OnUpdate(arg1);
			</OnUpdate>
		</Scripts>
	</Frame>
	<GameTooltip name="EnemyToolTip" frameStrata="TOOLTIP" hidden="true" inherits="GameTooltipTemplate">
		<Scripts>
			<OnLoad>
				this:SetOwner(UIParent,"ANCHOR_NONE")
			</OnLoad>
		</Scripts> 
	</GameTooltip>
</Ui>